7,7,6wN45Luzz6qWDBW9j0v9raBWo0M=,UcABaxhMl3dIiFpIib4qTecmO9o=
3,0,6wN45Luzz6qWDBW9j0v9raBWo0M=,UcABaxhMl3dIiFpIib4qTecmO9o=
7,1,6wN45Luzz6qWDBW9j0v9raBWo0M=,UcABaxhMl3dIiFpIib4qTecmO9o=
6,1,6wN45Luzz6qWDBW9j0v9raBWo0M=,UcABaxhMl3dIiFpIib4qTecmO9o=
7,3,6wN45Luzz6qWDBW9j0v9raBWo0M=,UcABaxhMl3dIiFpIib4qTecmO9o=
1,3,6wN45Luzz6qWDBW9j0v9raBWo0M=,UcABaxhMl3dIiFpIib4qTecmO9o=
0,3,6wN45Luzz6qWDBW9j0v9raBWo0M=,UcABaxhMl3dIiFpIib4qTecmO9o=
1,2,6wN45Luzz6qWDBW9j0v9raBWo0M=,UcABaxhMl3dIiFpIib4qTecmO9o=
6,3,6wN45Luzz6qWDBW9j0v9raBWo0M=,UcABaxhMl3dIiFpIib4qTecmO9o=
7,2,6wN45Luzz6qWDBW9j0v9raBWo0M=,UcABaxhMl3dIiFpIib4qTecmO9o=
5,3,6wN45Luzz6qWDBW9j0v9raBWo0M=,UcABaxhMl3dIiFpIib4qTecmO9o=
3,1,6wN45Luzz6qWDBW9j0v9raBWo0M=,UcABaxhMl3dIiFpIib4qTecmO9o=
6,2,6wN45Luzz6qWDBW9j0v9raBWo0M=,UcABaxhMl3dIiFpIib4qTecmO9o=
2,0,6wN45Luzz6qWDBW9j0v9raBWo0M=,UcABaxhMl3dIiFpIib4qTecmO9o=
1,1,6wN45Luzz6qWDBW9j0v9raBWo0M=,UcABaxhMl3dIiFpIib4qTecmO9o=
1,0,6wN45Luzz6qWDBW9j0v9raBWo0M=,UcABaxhMl3dIiFpIib4qTecmO9o=
5,0,6wN45Luzz6qWDBW9j0v9raBWo0M=,UcABaxhMl3dIiFpIib4qTecmO9o=
4,0,6wN45Luzz6qWDBW9j0v9raBWo0M=,UcABaxhMl3dIiFpIib4qTecmO9o=
4,3,6wN45Luzz6qWDBW9j0v9raBWo0M=,UcABaxhMl3dIiFpIib4qTecmO9o=
0,1,6wN45Luzz6qWDBW9j0v9raBWo0M=,UcABaxhMl3dIiFpIib4qTecmO9o=
5,1,6wN45Luzz6qWDBW9j0v9raBWo0M=,UcABaxhMl3dIiFpIib4qTecmO9o=
0,0,6wN45Luzz6qWDBW9j0v9raBWo0M=,UcABaxhMl3dIiFpIib4qTecmO9o=
0,2,6wN45Luzz6qWDBW9j0v9raBWo0M=,UcABaxhMl3dIiFpIib4qTecmO9o=
3,3,6wN45Luzz6qWDBW9j0v9raBWo0M=,UcABaxhMl3dIiFpIib4qTecmO9o=
5,2,6wN45Luzz6qWDBW9j0v9raBWo0M=,UcABaxhMl3dIiFpIib4qTecmO9o=
4,2,6wN45Luzz6qWDBW9j0v9raBWo0M=,UcABaxhMl3dIiFpIib4qTecmO9o=
2,3,6wN45Luzz6qWDBW9j0v9raBWo0M=,UcABaxhMl3dIiFpIib4qTecmO9o=
7,0,6wN45Luzz6qWDBW9j0v9raBWo0M=,UcABaxhMl3dIiFpIib4qTecmO9o=
3,2,6wN45Luzz6qWDBW9j0v9raBWo0M=,UcABaxhMl3dIiFpIib4qTecmO9o=
4,1,6wN45Luzz6qWDBW9j0v9raBWo0M=,UcABaxhMl3dIiFpIib4qTecmO9o=
2,2,6wN45Luzz6qWDBW9j0v9raBWo0M=,UcABaxhMl3dIiFpIib4qTecmO9o=
2,1,6wN45Luzz6qWDBW9j0v9raBWo0M=,UcABaxhMl3dIiFpIib4qTecmO9o=
6,0,6wN45Luzz6qWDBW9j0v9raBWo0M=,UcABaxhMl3dIiFpIib4qTecmO9o=
0,4,6wN45Luzz6qWDBW9j0v9raBWo0M=,UcABaxhMl3dIiFpIib4qTecmO9o=
1,4,6wN45Luzz6qWDBW9j0v9raBWo0M=,UcABaxhMl3dIiFpIib4qTecmO9o=
2,4,6wN45Luzz6qWDBW9j0v9raBWo0M=,UcABaxhMl3dIiFpIib4qTecmO9o=
3,4,6wN45Luzz6qWDBW9j0v9raBWo0M=,UcABaxhMl3dIiFpIib4qTecmO9o=
4,4,6wN45Luzz6qWDBW9j0v9raBWo0M=,UcABaxhMl3dIiFpIib4qTecmO9o=
5,4,6wN45Luzz6qWDBW9j0v9raBWo0M=,UcABaxhMl3dIiFpIib4qTecmO9o=
6,4,6wN45Luzz6qWDBW9j0v9raBWo0M=,UcABaxhMl3dIiFpIib4qTecmO9o=
7,4,6wN45Luzz6qWDBW9j0v9raBWo0M=,UcABaxhMl3dIiFpIib4qTecmO9o=
0,5,6wN45Luzz6qWDBW9j0v9raBWo0M=,UcABaxhMl3dIiFpIib4qTecmO9o=
1,5,6wN45Luzz6qWDBW9j0v9raBWo0M=,UcABaxhMl3dIiFpIib4qTecmO9o=
2,5,6wN45Luzz6qWDBW9j0v9raBWo0M=,UcABaxhMl3dIiFpIib4qTecmO9o=
3,5,6wN45Luzz6qWDBW9j0v9raBWo0M=,UcABaxhMl3dIiFpIib4qTecmO9o=
4,5,6wN45Luzz6qWDBW9j0v9raBWo0M=,UcABaxhMl3dIiFpIib4qTecmO9o=
5,5,6wN45Luzz6qWDBW9j0v9raBWo0M=,UcABaxhMl3dIiFpIib4qTecmO9o=
6,5,6wN45Luzz6qWDBW9j0v9raBWo0M=,UcABaxhMl3dIiFpIib4qTecmO9o=
7,5,6wN45Luzz6qWDBW9j0v9raBWo0M=,UcABaxhMl3dIiFpIib4qTecmO9o=
0,6,6wN45Luzz6qWDBW9j0v9raBWo0M=,UcABaxhMl3dIiFpIib4qTecmO9o=
1,6,6wN45Luzz6qWDBW9j0v9raBWo0M=,UcABaxhMl3dIiFpIib4qTecmO9o=
2,6,6wN45Luzz6qWDBW9j0v9raBWo0M=,UcABaxhMl3dIiFpIib4qTecmO9o=
3,6,6wN45Luzz6qWDBW9j0v9raBWo0M=,UcABaxhMl3dIiFpIib4qTecmO9o=
4,6,6wN45Luzz6qWDBW9j0v9raBWo0M=,UcABaxhMl3dIiFpIib4qTecmO9o=
5,6,6wN45Luzz6qWDBW9j0v9raBWo0M=,UcABaxhMl3dIiFpIib4qTecmO9o=
6,6,6wN45Luzz6qWDBW9j0v9raBWo0M=,UcABaxhMl3dIiFpIib4qTecmO9o=
7,6,6wN45Luzz6qWDBW9j0v9raBWo0M=,UcABaxhMl3dIiFpIib4qTecmO9o=
0,7,6wN45Luzz6qWDBW9j0v9raBWo0M=,UcABaxhMl3dIiFpIib4qTecmO9o=
1,7,6wN45Luzz6qWDBW9j0v9raBWo0M=,UcABaxhMl3dIiFpIib4qTecmO9o=
2,7,6wN45Luzz6qWDBW9j0v9raBWo0M=,UcABaxhMl3dIiFpIib4qTecmO9o=
3,7,6wN45Luzz6qWDBW9j0v9raBWo0M=,UcABaxhMl3dIiFpIib4qTecmO9o=
4,7,6wN45Luzz6qWDBW9j0v9raBWo0M=,UcABaxhMl3dIiFpIib4qTecmO9o=
5,7,6wN45Luzz6qWDBW9j0v9raBWo0M=,UcABaxhMl3dIiFpIib4qTecmO9o=
6,7,6wN45Luzz6qWDBW9j0v9raBWo0M=,UcABaxhMl3dIiFpIib4qTecmO9o=
