-6,-7,CEa/xlM0JNvBVAaz8bG/Jze6Kpw=,uub/2cWEU7YqEOPycu86sDm9l6A=
-5,-7,CEa/xlM0JNvBVAaz8bG/Jze6Kpw=,uub/2cWEU7YqEOPycu86sDm9l6A=
-1,-1,CEa/xlM0JNvBVAaz8bG/Jze6Kpw=,uub/2cWEU7YqEOPycu86sDm9l6A=
-5,-5,CEa/xlM0JNvBVAaz8bG/Jze6Kpw=,uub/2cWEU7YqEOPycu86sDm9l6A=
-2,-1,CEa/xlM0JNvBVAaz8bG/Jze6Kpw=,uub/2cWEU7YqEOPycu86sDm9l6A=
-4,-1,CEa/xlM0JNvBVAaz8bG/Jze6Kpw=,uub/2cWEU7YqEOPycu86sDm9l6A=
-6,-5,CEa/xlM0JNvBVAaz8bG/Jze6Kpw=,uub/2cWEU7YqEOPycu86sDm9l6A=
-5,-1,CEa/xlM0JNvBVAaz8bG/Jze6Kpw=,uub/2cWEU7YqEOPycu86sDm9l6A=
-6,-1,CEa/xlM0JNvBVAaz8bG/Jze6Kpw=,uub/2cWEU7YqEOPycu86sDm9l6A=
-7,-1,CEa/xlM0JNvBVAaz8bG/Jze6Kpw=,uub/2cWEU7YqEOPycu86sDm9l6A=
-3,-6,CEa/xlM0JNvBVAaz8bG/Jze6Kpw=,uub/2cWEU7YqEOPycu86sDm9l6A=
-8,-1,CEa/xlM0JNvBVAaz8bG/Jze6Kpw=,uub/2cWEU7YqEOPycu86sDm9l6A=
-7,-5,CEa/xlM0JNvBVAaz8bG/Jze6Kpw=,uub/2cWEU7YqEOPycu86sDm9l6A=
-3,-1,CEa/xlM0JNvBVAaz8bG/Jze6Kpw=,uub/2cWEU7YqEOPycu86sDm9l6A=
-1,-2,CEa/xlM0JNvBVAaz8bG/Jze6Kpw=,uub/2cWEU7YqEOPycu86sDm9l6A=
-2,-2,CEa/xlM0JNvBVAaz8bG/Jze6Kpw=,uub/2cWEU7YqEOPycu86sDm9l6A=
-4,-6,CEa/xlM0JNvBVAaz8bG/Jze6Kpw=,uub/2cWEU7YqEOPycu86sDm9l6A=
-4,-2,CEa/xlM0JNvBVAaz8bG/Jze6Kpw=,uub/2cWEU7YqEOPycu86sDm9l6A=
-3,-2,CEa/xlM0JNvBVAaz8bG/Jze6Kpw=,uub/2cWEU7YqEOPycu86sDm9l6A=
-5,-2,CEa/xlM0JNvBVAaz8bG/Jze6Kpw=,uub/2cWEU7YqEOPycu86sDm9l6A=
-6,-2,CEa/xlM0JNvBVAaz8bG/Jze6Kpw=,uub/2cWEU7YqEOPycu86sDm9l6A=
-7,-2,CEa/xlM0JNvBVAaz8bG/Jze6Kpw=,uub/2cWEU7YqEOPycu86sDm9l6A=
-1,-7,CEa/xlM0JNvBVAaz8bG/Jze6Kpw=,uub/2cWEU7YqEOPycu86sDm9l6A=
-8,-2,CEa/xlM0JNvBVAaz8bG/Jze6Kpw=,uub/2cWEU7YqEOPycu86sDm9l6A=
-2,-7,CEa/xlM0JNvBVAaz8bG/Jze6Kpw=,uub/2cWEU7YqEOPycu86sDm9l6A=
-1,-3,CEa/xlM0JNvBVAaz8bG/Jze6Kpw=,uub/2cWEU7YqEOPycu86sDm9l6A=
-2,-3,CEa/xlM0JNvBVAaz8bG/Jze6Kpw=,uub/2cWEU7YqEOPycu86sDm9l6A=
-4,-3,CEa/xlM0JNvBVAaz8bG/Jze6Kpw=,uub/2cWEU7YqEOPycu86sDm9l6A=
-5,-3,CEa/xlM0JNvBVAaz8bG/Jze6Kpw=,uub/2cWEU7YqEOPycu86sDm9l6A=
-6,-3,CEa/xlM0JNvBVAaz8bG/Jze6Kpw=,uub/2cWEU7YqEOPycu86sDm9l6A=
-7,-7,CEa/xlM0JNvBVAaz8bG/Jze6Kpw=,uub/2cWEU7YqEOPycu86sDm9l6A=
-3,-3,CEa/xlM0JNvBVAaz8bG/Jze6Kpw=,uub/2cWEU7YqEOPycu86sDm9l6A=
-7,-3,CEa/xlM0JNvBVAaz8bG/Jze6Kpw=,uub/2cWEU7YqEOPycu86sDm9l6A=
-8,-3,CEa/xlM0JNvBVAaz8bG/Jze6Kpw=,uub/2cWEU7YqEOPycu86sDm9l6A=
-8,-7,CEa/xlM0JNvBVAaz8bG/Jze6Kpw=,uub/2cWEU7YqEOPycu86sDm9l6A=
-5,-6,CEa/xlM0JNvBVAaz8bG/Jze6Kpw=,uub/2cWEU7YqEOPycu86sDm9l6A=
-8,-5,CEa/xlM0JNvBVAaz8bG/Jze6Kpw=,uub/2cWEU7YqEOPycu86sDm9l6A=
-2,-4,CEa/xlM0JNvBVAaz8bG/Jze6Kpw=,uub/2cWEU7YqEOPycu86sDm9l6A=
-3,-4,CEa/xlM0JNvBVAaz8bG/Jze6Kpw=,uub/2cWEU7YqEOPycu86sDm9l6A=
-4,-4,CEa/xlM0JNvBVAaz8bG/Jze6Kpw=,uub/2cWEU7YqEOPycu86sDm9l6A=
-5,-4,CEa/xlM0JNvBVAaz8bG/Jze6Kpw=,uub/2cWEU7YqEOPycu86sDm9l6A=
-6,-4,CEa/xlM0JNvBVAaz8bG/Jze6Kpw=,uub/2cWEU7YqEOPycu86sDm9l6A=
-1,-6,CEa/xlM0JNvBVAaz8bG/Jze6Kpw=,uub/2cWEU7YqEOPycu86sDm9l6A=
-6,-6,CEa/xlM0JNvBVAaz8bG/Jze6Kpw=,uub/2cWEU7YqEOPycu86sDm9l6A=
-7,-4,CEa/xlM0JNvBVAaz8bG/Jze6Kpw=,uub/2cWEU7YqEOPycu86sDm9l6A=
-7,-6,CEa/xlM0JNvBVAaz8bG/Jze6Kpw=,uub/2cWEU7YqEOPycu86sDm9l6A=
-2,-6,CEa/xlM0JNvBVAaz8bG/Jze6Kpw=,uub/2cWEU7YqEOPycu86sDm9l6A=
-8,-4,CEa/xlM0JNvBVAaz8bG/Jze6Kpw=,uub/2cWEU7YqEOPycu86sDm9l6A=
-1,-5,CEa/xlM0JNvBVAaz8bG/Jze6Kpw=,uub/2cWEU7YqEOPycu86sDm9l6A=
-2,-5,CEa/xlM0JNvBVAaz8bG/Jze6Kpw=,uub/2cWEU7YqEOPycu86sDm9l6A=
-3,-5,CEa/xlM0JNvBVAaz8bG/Jze6Kpw=,uub/2cWEU7YqEOPycu86sDm9l6A=
-3,-7,CEa/xlM0JNvBVAaz8bG/Jze6Kpw=,uub/2cWEU7YqEOPycu86sDm9l6A=
-4,-5,CEa/xlM0JNvBVAaz8bG/Jze6Kpw=,uub/2cWEU7YqEOPycu86sDm9l6A=
-4,-7,CEa/xlM0JNvBVAaz8bG/Jze6Kpw=,uub/2cWEU7YqEOPycu86sDm9l6A=
-8,-8,CEa/xlM0JNvBVAaz8bG/Jze6Kpw=,uub/2cWEU7YqEOPycu86sDm9l6A=
-8,-6,CEa/xlM0JNvBVAaz8bG/Jze6Kpw=,uub/2cWEU7YqEOPycu86sDm9l6A=
-6,-8,CEa/xlM0JNvBVAaz8bG/Jze6Kpw=,uub/2cWEU7YqEOPycu86sDm9l6A=
-1,-4,CEa/xlM0JNvBVAaz8bG/Jze6Kpw=,uub/2cWEU7YqEOPycu86sDm9l6A=
-7,-8,CEa/xlM0JNvBVAaz8bG/Jze6Kpw=,uub/2cWEU7YqEOPycu86sDm9l6A=
-4,-8,CEa/xlM0JNvBVAaz8bG/Jze6Kpw=,uub/2cWEU7YqEOPycu86sDm9l6A=
-3,-8,CEa/xlM0JNvBVAaz8bG/Jze6Kpw=,uub/2cWEU7YqEOPycu86sDm9l6A=
-1,-8,CEa/xlM0JNvBVAaz8bG/Jze6Kpw=,uub/2cWEU7YqEOPycu86sDm9l6A=
-2,-8,CEa/xlM0JNvBVAaz8bG/Jze6Kpw=,uub/2cWEU7YqEOPycu86sDm9l6A=
-5,-8,CEa/xlM0JNvBVAaz8bG/Jze6Kpw=,uub/2cWEU7YqEOPycu86sDm9l6A=
-8,-16,CEa/xlM0JNvBVAaz8bG/Jze6Kpw=,WnI5MC+y169HVAp1dZ9Js96PyZ8=
-7,-16,CEa/xlM0JNvBVAaz8bG/Jze6Kpw=,WnI5MC+y169HVAp1dZ9Js96PyZ8=
-6,-16,CEa/xlM0JNvBVAaz8bG/Jze6Kpw=,WnI5MC+y169HVAp1dZ9Js96PyZ8=
-5,-16,CEa/xlM0JNvBVAaz8bG/Jze6Kpw=,WnI5MC+y169HVAp1dZ9Js96PyZ8=
-4,-16,CEa/xlM0JNvBVAaz8bG/Jze6Kpw=,WnI5MC+y169HVAp1dZ9Js96PyZ8=
-3,-16,CEa/xlM0JNvBVAaz8bG/Jze6Kpw=,WnI5MC+y169HVAp1dZ9Js96PyZ8=
-1,-16,CEa/xlM0JNvBVAaz8bG/Jze6Kpw=,WnI5MC+y169HVAp1dZ9Js96PyZ8=
-8,-15,CEa/xlM0JNvBVAaz8bG/Jze6Kpw=,WnI5MC+y169HVAp1dZ9Js96PyZ8=
-2,-16,CEa/xlM0JNvBVAaz8bG/Jze6Kpw=,WnI5MC+y169HVAp1dZ9Js96PyZ8=
-7,-15,CEa/xlM0JNvBVAaz8bG/Jze6Kpw=,WnI5MC+y169HVAp1dZ9Js96PyZ8=
-6,-15,CEa/xlM0JNvBVAaz8bG/Jze6Kpw=,WnI5MC+y169HVAp1dZ9Js96PyZ8=
-5,-15,CEa/xlM0JNvBVAaz8bG/Jze6Kpw=,WnI5MC+y169HVAp1dZ9Js96PyZ8=
-4,-15,CEa/xlM0JNvBVAaz8bG/Jze6Kpw=,WnI5MC+y169HVAp1dZ9Js96PyZ8=
-3,-15,CEa/xlM0JNvBVAaz8bG/Jze6Kpw=,WnI5MC+y169HVAp1dZ9Js96PyZ8=
-2,-15,CEa/xlM0JNvBVAaz8bG/Jze6Kpw=,WnI5MC+y169HVAp1dZ9Js96PyZ8=
-1,-9,CEa/xlM0JNvBVAaz8bG/Jze6Kpw=,WnI5MC+y169HVAp1dZ9Js96PyZ8=
-5,-13,CEa/xlM0JNvBVAaz8bG/Jze6Kpw=,WnI5MC+y169HVAp1dZ9Js96PyZ8=
-2,-9,CEa/xlM0JNvBVAaz8bG/Jze6Kpw=,WnI5MC+y169HVAp1dZ9Js96PyZ8=
-6,-13,CEa/xlM0JNvBVAaz8bG/Jze6Kpw=,WnI5MC+y169HVAp1dZ9Js96PyZ8=
-7,-13,CEa/xlM0JNvBVAaz8bG/Jze6Kpw=,WnI5MC+y169HVAp1dZ9Js96PyZ8=
-8,-13,CEa/xlM0JNvBVAaz8bG/Jze6Kpw=,WnI5MC+y169HVAp1dZ9Js96PyZ8=
-3,-9,CEa/xlM0JNvBVAaz8bG/Jze6Kpw=,WnI5MC+y169HVAp1dZ9Js96PyZ8=
-1,-15,CEa/xlM0JNvBVAaz8bG/Jze6Kpw=,WnI5MC+y169HVAp1dZ9Js96PyZ8=
-8,-14,CEa/xlM0JNvBVAaz8bG/Jze6Kpw=,WnI5MC+y169HVAp1dZ9Js96PyZ8=
-7,-14,CEa/xlM0JNvBVAaz8bG/Jze6Kpw=,WnI5MC+y169HVAp1dZ9Js96PyZ8=
-6,-14,CEa/xlM0JNvBVAaz8bG/Jze6Kpw=,WnI5MC+y169HVAp1dZ9Js96PyZ8=
-5,-14,CEa/xlM0JNvBVAaz8bG/Jze6Kpw=,WnI5MC+y169HVAp1dZ9Js96PyZ8=
-4,-14,CEa/xlM0JNvBVAaz8bG/Jze6Kpw=,WnI5MC+y169HVAp1dZ9Js96PyZ8=
-1,-14,CEa/xlM0JNvBVAaz8bG/Jze6Kpw=,WnI5MC+y169HVAp1dZ9Js96PyZ8=
-4,-9,CEa/xlM0JNvBVAaz8bG/Jze6Kpw=,WnI5MC+y169HVAp1dZ9Js96PyZ8=
-5,-9,CEa/xlM0JNvBVAaz8bG/Jze6Kpw=,WnI5MC+y169HVAp1dZ9Js96PyZ8=
-6,-9,CEa/xlM0JNvBVAaz8bG/Jze6Kpw=,WnI5MC+y169HVAp1dZ9Js96PyZ8=
-7,-9,CEa/xlM0JNvBVAaz8bG/Jze6Kpw=,WnI5MC+y169HVAp1dZ9Js96PyZ8=
-8,-9,CEa/xlM0JNvBVAaz8bG/Jze6Kpw=,WnI5MC+y169HVAp1dZ9Js96PyZ8=
-3,-14,CEa/xlM0JNvBVAaz8bG/Jze6Kpw=,WnI5MC+y169HVAp1dZ9Js96PyZ8=
-4,-13,CEa/xlM0JNvBVAaz8bG/Jze6Kpw=,WnI5MC+y169HVAp1dZ9Js96PyZ8=
-1,-10,CEa/xlM0JNvBVAaz8bG/Jze6Kpw=,WnI5MC+y169HVAp1dZ9Js96PyZ8=
-2,-14,CEa/xlM0JNvBVAaz8bG/Jze6Kpw=,WnI5MC+y169HVAp1dZ9Js96PyZ8=
-2,-10,CEa/xlM0JNvBVAaz8bG/Jze6Kpw=,WnI5MC+y169HVAp1dZ9Js96PyZ8=
-3,-10,CEa/xlM0JNvBVAaz8bG/Jze6Kpw=,WnI5MC+y169HVAp1dZ9Js96PyZ8=
-5,-10,CEa/xlM0JNvBVAaz8bG/Jze6Kpw=,WnI5MC+y169HVAp1dZ9Js96PyZ8=
-6,-10,CEa/xlM0JNvBVAaz8bG/Jze6Kpw=,WnI5MC+y169HVAp1dZ9Js96PyZ8=
-7,-10,CEa/xlM0JNvBVAaz8bG/Jze6Kpw=,WnI5MC+y169HVAp1dZ9Js96PyZ8=
-8,-10,CEa/xlM0JNvBVAaz8bG/Jze6Kpw=,WnI5MC+y169HVAp1dZ9Js96PyZ8=
-4,-10,CEa/xlM0JNvBVAaz8bG/Jze6Kpw=,WnI5MC+y169HVAp1dZ9Js96PyZ8=
-3,-13,CEa/xlM0JNvBVAaz8bG/Jze6Kpw=,WnI5MC+y169HVAp1dZ9Js96PyZ8=
-2,-11,CEa/xlM0JNvBVAaz8bG/Jze6Kpw=,WnI5MC+y169HVAp1dZ9Js96PyZ8=
-1,-11,CEa/xlM0JNvBVAaz8bG/Jze6Kpw=,WnI5MC+y169HVAp1dZ9Js96PyZ8=
-2,-13,CEa/xlM0JNvBVAaz8bG/Jze6Kpw=,WnI5MC+y169HVAp1dZ9Js96PyZ8=
-4,-11,CEa/xlM0JNvBVAaz8bG/Jze6Kpw=,WnI5MC+y169HVAp1dZ9Js96PyZ8=
-5,-11,CEa/xlM0JNvBVAaz8bG/Jze6Kpw=,WnI5MC+y169HVAp1dZ9Js96PyZ8=
-6,-11,CEa/xlM0JNvBVAaz8bG/Jze6Kpw=,WnI5MC+y169HVAp1dZ9Js96PyZ8=
-7,-11,CEa/xlM0JNvBVAaz8bG/Jze6Kpw=,WnI5MC+y169HVAp1dZ9Js96PyZ8=
-8,-11,CEa/xlM0JNvBVAaz8bG/Jze6Kpw=,WnI5MC+y169HVAp1dZ9Js96PyZ8=
-3,-11,CEa/xlM0JNvBVAaz8bG/Jze6Kpw=,WnI5MC+y169HVAp1dZ9Js96PyZ8=
-1,-12,CEa/xlM0JNvBVAaz8bG/Jze6Kpw=,WnI5MC+y169HVAp1dZ9Js96PyZ8=
-1,-13,CEa/xlM0JNvBVAaz8bG/Jze6Kpw=,WnI5MC+y169HVAp1dZ9Js96PyZ8=
-8,-12,CEa/xlM0JNvBVAaz8bG/Jze6Kpw=,WnI5MC+y169HVAp1dZ9Js96PyZ8=
-7,-12,CEa/xlM0JNvBVAaz8bG/Jze6Kpw=,WnI5MC+y169HVAp1dZ9Js96PyZ8=
-6,-12,CEa/xlM0JNvBVAaz8bG/Jze6Kpw=,WnI5MC+y169HVAp1dZ9Js96PyZ8=
-5,-12,CEa/xlM0JNvBVAaz8bG/Jze6Kpw=,WnI5MC+y169HVAp1dZ9Js96PyZ8=
-4,-12,CEa/xlM0JNvBVAaz8bG/Jze6Kpw=,WnI5MC+y169HVAp1dZ9Js96PyZ8=
-3,-12,CEa/xlM0JNvBVAaz8bG/Jze6Kpw=,WnI5MC+y169HVAp1dZ9Js96PyZ8=
-2,-12,CEa/xlM0JNvBVAaz8bG/Jze6Kpw=,WnI5MC+y169HVAp1dZ9Js96PyZ8=
