0,-24,KYt1ca0DZWOxtP095dkqGw4TfRg=,2WJl/GiAajyd1ONANIEgJYZ/wP4=
4,-21,KYt1ca0DZWOxtP095dkqGw4TfRg=,2WJl/GiAajyd1ONANIEgJYZ/wP4=
3,-24,KYt1ca0DZWOxtP095dkqGw4TfRg=,2WJl/GiAajyd1ONANIEgJYZ/wP4=
6,-17,KYt1ca0DZWOxtP095dkqGw4TfRg=,2WJl/GiAajyd1ONANIEgJYZ/wP4=
5,-17,KYt1ca0DZWOxtP095dkqGw4TfRg=,2WJl/GiAajyd1ONANIEgJYZ/wP4=
4,-17,KYt1ca0DZWOxtP095dkqGw4TfRg=,2WJl/GiAajyd1ONANIEgJYZ/wP4=
3,-21,KYt1ca0DZWOxtP095dkqGw4TfRg=,2WJl/GiAajyd1ONANIEgJYZ/wP4=
3,-17,KYt1ca0DZWOxtP095dkqGw4TfRg=,2WJl/GiAajyd1ONANIEgJYZ/wP4=
2,-17,KYt1ca0DZWOxtP095dkqGw4TfRg=,2WJl/GiAajyd1ONANIEgJYZ/wP4=
1,-17,KYt1ca0DZWOxtP095dkqGw4TfRg=,2WJl/GiAajyd1ONANIEgJYZ/wP4=
6,-18,KYt1ca0DZWOxtP095dkqGw4TfRg=,2WJl/GiAajyd1ONANIEgJYZ/wP4=
5,-22,KYt1ca0DZWOxtP095dkqGw4TfRg=,2WJl/GiAajyd1ONANIEgJYZ/wP4=
4,-22,KYt1ca0DZWOxtP095dkqGw4TfRg=,2WJl/GiAajyd1ONANIEgJYZ/wP4=
3,-22,KYt1ca0DZWOxtP095dkqGw4TfRg=,2WJl/GiAajyd1ONANIEgJYZ/wP4=
2,-22,KYt1ca0DZWOxtP095dkqGw4TfRg=,2WJl/GiAajyd1ONANIEgJYZ/wP4=
0,-17,KYt1ca0DZWOxtP095dkqGw4TfRg=,2WJl/GiAajyd1ONANIEgJYZ/wP4=
4,-18,KYt1ca0DZWOxtP095dkqGw4TfRg=,2WJl/GiAajyd1ONANIEgJYZ/wP4=
5,-18,KYt1ca0DZWOxtP095dkqGw4TfRg=,2WJl/GiAajyd1ONANIEgJYZ/wP4=
2,-24,KYt1ca0DZWOxtP095dkqGw4TfRg=,2WJl/GiAajyd1ONANIEgJYZ/wP4=
2,-21,KYt1ca0DZWOxtP095dkqGw4TfRg=,2WJl/GiAajyd1ONANIEgJYZ/wP4=
3,-18,KYt1ca0DZWOxtP095dkqGw4TfRg=,2WJl/GiAajyd1ONANIEgJYZ/wP4=
2,-18,KYt1ca0DZWOxtP095dkqGw4TfRg=,2WJl/GiAajyd1ONANIEgJYZ/wP4=
1,-18,KYt1ca0DZWOxtP095dkqGw4TfRg=,2WJl/GiAajyd1ONANIEgJYZ/wP4=
0,-18,KYt1ca0DZWOxtP095dkqGw4TfRg=,2WJl/GiAajyd1ONANIEgJYZ/wP4=
1,-21,KYt1ca0DZWOxtP095dkqGw4TfRg=,2WJl/GiAajyd1ONANIEgJYZ/wP4=
6,-19,KYt1ca0DZWOxtP095dkqGw4TfRg=,2WJl/GiAajyd1ONANIEgJYZ/wP4=
5,-19,KYt1ca0DZWOxtP095dkqGw4TfRg=,2WJl/GiAajyd1ONANIEgJYZ/wP4=
1,-24,KYt1ca0DZWOxtP095dkqGw4TfRg=,2WJl/GiAajyd1ONANIEgJYZ/wP4=
4,-19,KYt1ca0DZWOxtP095dkqGw4TfRg=,2WJl/GiAajyd1ONANIEgJYZ/wP4=
3,-19,KYt1ca0DZWOxtP095dkqGw4TfRg=,2WJl/GiAajyd1ONANIEgJYZ/wP4=
2,-19,KYt1ca0DZWOxtP095dkqGw4TfRg=,2WJl/GiAajyd1ONANIEgJYZ/wP4=
1,-19,KYt1ca0DZWOxtP095dkqGw4TfRg=,2WJl/GiAajyd1ONANIEgJYZ/wP4=
0,-19,KYt1ca0DZWOxtP095dkqGw4TfRg=,2WJl/GiAajyd1ONANIEgJYZ/wP4=
6,-23,KYt1ca0DZWOxtP095dkqGw4TfRg=,2WJl/GiAajyd1ONANIEgJYZ/wP4=
0,-21,KYt1ca0DZWOxtP095dkqGw4TfRg=,2WJl/GiAajyd1ONANIEgJYZ/wP4=
1,-23,KYt1ca0DZWOxtP095dkqGw4TfRg=,2WJl/GiAajyd1ONANIEgJYZ/wP4=
5,-23,KYt1ca0DZWOxtP095dkqGw4TfRg=,2WJl/GiAajyd1ONANIEgJYZ/wP4=
4,-23,KYt1ca0DZWOxtP095dkqGw4TfRg=,2WJl/GiAajyd1ONANIEgJYZ/wP4=
6,-22,KYt1ca0DZWOxtP095dkqGw4TfRg=,2WJl/GiAajyd1ONANIEgJYZ/wP4=
0,-23,KYt1ca0DZWOxtP095dkqGw4TfRg=,2WJl/GiAajyd1ONANIEgJYZ/wP4=
3,-23,KYt1ca0DZWOxtP095dkqGw4TfRg=,2WJl/GiAajyd1ONANIEgJYZ/wP4=
1,-22,KYt1ca0DZWOxtP095dkqGw4TfRg=,2WJl/GiAajyd1ONANIEgJYZ/wP4=
0,-22,KYt1ca0DZWOxtP095dkqGw4TfRg=,2WJl/GiAajyd1ONANIEgJYZ/wP4=
6,-20,KYt1ca0DZWOxtP095dkqGw4TfRg=,2WJl/GiAajyd1ONANIEgJYZ/wP4=
5,-20,KYt1ca0DZWOxtP095dkqGw4TfRg=,2WJl/GiAajyd1ONANIEgJYZ/wP4=
4,-20,KYt1ca0DZWOxtP095dkqGw4TfRg=,2WJl/GiAajyd1ONANIEgJYZ/wP4=
3,-20,KYt1ca0DZWOxtP095dkqGw4TfRg=,2WJl/GiAajyd1ONANIEgJYZ/wP4=
2,-23,KYt1ca0DZWOxtP095dkqGw4TfRg=,2WJl/GiAajyd1ONANIEgJYZ/wP4=
6,-24,KYt1ca0DZWOxtP095dkqGw4TfRg=,2WJl/GiAajyd1ONANIEgJYZ/wP4=
2,-20,KYt1ca0DZWOxtP095dkqGw4TfRg=,2WJl/GiAajyd1ONANIEgJYZ/wP4=
1,-20,KYt1ca0DZWOxtP095dkqGw4TfRg=,2WJl/GiAajyd1ONANIEgJYZ/wP4=
0,-20,KYt1ca0DZWOxtP095dkqGw4TfRg=,2WJl/GiAajyd1ONANIEgJYZ/wP4=
6,-21,KYt1ca0DZWOxtP095dkqGw4TfRg=,2WJl/GiAajyd1ONANIEgJYZ/wP4=
5,-24,KYt1ca0DZWOxtP095dkqGw4TfRg=,2WJl/GiAajyd1ONANIEgJYZ/wP4=
5,-21,KYt1ca0DZWOxtP095dkqGw4TfRg=,2WJl/GiAajyd1ONANIEgJYZ/wP4=
4,-24,KYt1ca0DZWOxtP095dkqGw4TfRg=,2WJl/GiAajyd1ONANIEgJYZ/wP4=
15,-17,KYt1ca0DZWOxtP095dkqGw4TfRg=,9qS6YVccii+lDbldeQESlsxbXww=
14,-17,KYt1ca0DZWOxtP095dkqGw4TfRg=,9qS6YVccii+lDbldeQESlsxbXww=
13,-17,KYt1ca0DZWOxtP095dkqGw4TfRg=,9qS6YVccii+lDbldeQESlsxbXww=
12,-17,KYt1ca0DZWOxtP095dkqGw4TfRg=,9qS6YVccii+lDbldeQESlsxbXww=
11,-17,KYt1ca0DZWOxtP095dkqGw4TfRg=,9qS6YVccii+lDbldeQESlsxbXww=
10,-17,KYt1ca0DZWOxtP095dkqGw4TfRg=,9qS6YVccii+lDbldeQESlsxbXww=
9,-17,KYt1ca0DZWOxtP095dkqGw4TfRg=,9qS6YVccii+lDbldeQESlsxbXww=
8,-17,KYt1ca0DZWOxtP095dkqGw4TfRg=,9qS6YVccii+lDbldeQESlsxbXww=
15,-18,KYt1ca0DZWOxtP095dkqGw4TfRg=,9qS6YVccii+lDbldeQESlsxbXww=
14,-18,KYt1ca0DZWOxtP095dkqGw4TfRg=,9qS6YVccii+lDbldeQESlsxbXww=
13,-18,KYt1ca0DZWOxtP095dkqGw4TfRg=,9qS6YVccii+lDbldeQESlsxbXww=
7,-17,KYt1ca0DZWOxtP095dkqGw4TfRg=,2WJl/GiAajyd1ONANIEgJYZ/wP4=
15,-23,KYt1ca0DZWOxtP095dkqGw4TfRg=,9qS6YVccii+lDbldeQESlsxbXww=
11,-24,KYt1ca0DZWOxtP095dkqGw4TfRg=,9qS6YVccii+lDbldeQESlsxbXww=
10,-24,KYt1ca0DZWOxtP095dkqGw4TfRg=,9qS6YVccii+lDbldeQESlsxbXww=
11,-23,KYt1ca0DZWOxtP095dkqGw4TfRg=,9qS6YVccii+lDbldeQESlsxbXww=
12,-18,KYt1ca0DZWOxtP095dkqGw4TfRg=,9qS6YVccii+lDbldeQESlsxbXww=
11,-18,KYt1ca0DZWOxtP095dkqGw4TfRg=,9qS6YVccii+lDbldeQESlsxbXww=
10,-18,KYt1ca0DZWOxtP095dkqGw4TfRg=,9qS6YVccii+lDbldeQESlsxbXww=
9,-18,KYt1ca0DZWOxtP095dkqGw4TfRg=,9qS6YVccii+lDbldeQESlsxbXww=
8,-18,KYt1ca0DZWOxtP095dkqGw4TfRg=,9qS6YVccii+lDbldeQESlsxbXww=
15,-19,KYt1ca0DZWOxtP095dkqGw4TfRg=,9qS6YVccii+lDbldeQESlsxbXww=
14,-19,KYt1ca0DZWOxtP095dkqGw4TfRg=,9qS6YVccii+lDbldeQESlsxbXww=
14,-23,KYt1ca0DZWOxtP095dkqGw4TfRg=,9qS6YVccii+lDbldeQESlsxbXww=
10,-23,KYt1ca0DZWOxtP095dkqGw4TfRg=,9qS6YVccii+lDbldeQESlsxbXww=
13,-23,KYt1ca0DZWOxtP095dkqGw4TfRg=,9qS6YVccii+lDbldeQESlsxbXww=
9,-24,KYt1ca0DZWOxtP095dkqGw4TfRg=,9qS6YVccii+lDbldeQESlsxbXww=
8,-24,KYt1ca0DZWOxtP095dkqGw4TfRg=,9qS6YVccii+lDbldeQESlsxbXww=
12,-23,KYt1ca0DZWOxtP095dkqGw4TfRg=,9qS6YVccii+lDbldeQESlsxbXww=
7,-18,KYt1ca0DZWOxtP095dkqGw4TfRg=,2WJl/GiAajyd1ONANIEgJYZ/wP4=
7,-23,KYt1ca0DZWOxtP095dkqGw4TfRg=,2WJl/GiAajyd1ONANIEgJYZ/wP4=
7,-19,KYt1ca0DZWOxtP095dkqGw4TfRg=,2WJl/GiAajyd1ONANIEgJYZ/wP4=
7,-22,KYt1ca0DZWOxtP095dkqGw4TfRg=,2WJl/GiAajyd1ONANIEgJYZ/wP4=
9,-23,KYt1ca0DZWOxtP095dkqGw4TfRg=,9qS6YVccii+lDbldeQESlsxbXww=
8,-23,KYt1ca0DZWOxtP095dkqGw4TfRg=,9qS6YVccii+lDbldeQESlsxbXww=
15,-24,KYt1ca0DZWOxtP095dkqGw4TfRg=,9qS6YVccii+lDbldeQESlsxbXww=
14,-24,KYt1ca0DZWOxtP095dkqGw4TfRg=,9qS6YVccii+lDbldeQESlsxbXww=
13,-24,KYt1ca0DZWOxtP095dkqGw4TfRg=,9qS6YVccii+lDbldeQESlsxbXww=
12,-24,KYt1ca0DZWOxtP095dkqGw4TfRg=,9qS6YVccii+lDbldeQESlsxbXww=
7,-20,KYt1ca0DZWOxtP095dkqGw4TfRg=,2WJl/GiAajyd1ONANIEgJYZ/wP4=
13,-19,KYt1ca0DZWOxtP095dkqGw4TfRg=,9qS6YVccii+lDbldeQESlsxbXww=
7,-24,KYt1ca0DZWOxtP095dkqGw4TfRg=,2WJl/GiAajyd1ONANIEgJYZ/wP4=
7,-21,KYt1ca0DZWOxtP095dkqGw4TfRg=,2WJl/GiAajyd1ONANIEgJYZ/wP4=
8,-22,KYt1ca0DZWOxtP095dkqGw4TfRg=,9qS6YVccii+lDbldeQESlsxbXww=
9,-22,KYt1ca0DZWOxtP095dkqGw4TfRg=,9qS6YVccii+lDbldeQESlsxbXww=
10,-22,KYt1ca0DZWOxtP095dkqGw4TfRg=,9qS6YVccii+lDbldeQESlsxbXww=
11,-22,KYt1ca0DZWOxtP095dkqGw4TfRg=,9qS6YVccii+lDbldeQESlsxbXww=
12,-22,KYt1ca0DZWOxtP095dkqGw4TfRg=,9qS6YVccii+lDbldeQESlsxbXww=
12,-19,KYt1ca0DZWOxtP095dkqGw4TfRg=,9qS6YVccii+lDbldeQESlsxbXww=
13,-22,KYt1ca0DZWOxtP095dkqGw4TfRg=,9qS6YVccii+lDbldeQESlsxbXww=
11,-19,KYt1ca0DZWOxtP095dkqGw4TfRg=,9qS6YVccii+lDbldeQESlsxbXww=
14,-22,KYt1ca0DZWOxtP095dkqGw4TfRg=,9qS6YVccii+lDbldeQESlsxbXww=
10,-19,KYt1ca0DZWOxtP095dkqGw4TfRg=,9qS6YVccii+lDbldeQESlsxbXww=
9,-19,KYt1ca0DZWOxtP095dkqGw4TfRg=,9qS6YVccii+lDbldeQESlsxbXww=
8,-19,KYt1ca0DZWOxtP095dkqGw4TfRg=,9qS6YVccii+lDbldeQESlsxbXww=
15,-20,KYt1ca0DZWOxtP095dkqGw4TfRg=,9qS6YVccii+lDbldeQESlsxbXww=
14,-20,KYt1ca0DZWOxtP095dkqGw4TfRg=,9qS6YVccii+lDbldeQESlsxbXww=
15,-22,KYt1ca0DZWOxtP095dkqGw4TfRg=,9qS6YVccii+lDbldeQESlsxbXww=
8,-21,KYt1ca0DZWOxtP095dkqGw4TfRg=,9qS6YVccii+lDbldeQESlsxbXww=
9,-21,KYt1ca0DZWOxtP095dkqGw4TfRg=,9qS6YVccii+lDbldeQESlsxbXww=
10,-21,KYt1ca0DZWOxtP095dkqGw4TfRg=,9qS6YVccii+lDbldeQESlsxbXww=
11,-21,KYt1ca0DZWOxtP095dkqGw4TfRg=,9qS6YVccii+lDbldeQESlsxbXww=
13,-20,KYt1ca0DZWOxtP095dkqGw4TfRg=,9qS6YVccii+lDbldeQESlsxbXww=
12,-21,KYt1ca0DZWOxtP095dkqGw4TfRg=,9qS6YVccii+lDbldeQESlsxbXww=
12,-20,KYt1ca0DZWOxtP095dkqGw4TfRg=,9qS6YVccii+lDbldeQESlsxbXww=
13,-21,KYt1ca0DZWOxtP095dkqGw4TfRg=,9qS6YVccii+lDbldeQESlsxbXww=
11,-20,KYt1ca0DZWOxtP095dkqGw4TfRg=,9qS6YVccii+lDbldeQESlsxbXww=
10,-20,KYt1ca0DZWOxtP095dkqGw4TfRg=,9qS6YVccii+lDbldeQESlsxbXww=
9,-20,KYt1ca0DZWOxtP095dkqGw4TfRg=,9qS6YVccii+lDbldeQESlsxbXww=
8,-20,KYt1ca0DZWOxtP095dkqGw4TfRg=,9qS6YVccii+lDbldeQESlsxbXww=
15,-21,KYt1ca0DZWOxtP095dkqGw4TfRg=,9qS6YVccii+lDbldeQESlsxbXww=
14,-21,KYt1ca0DZWOxtP095dkqGw4TfRg=,9qS6YVccii+lDbldeQESlsxbXww=
15,-9,KYt1ca0DZWOxtP095dkqGw4TfRg=,Fi9YRLj/TNC1lATHJcDoaLN8G9c=
14,-9,KYt1ca0DZWOxtP095dkqGw4TfRg=,Fi9YRLj/TNC1lATHJcDoaLN8G9c=
13,-9,KYt1ca0DZWOxtP095dkqGw4TfRg=,Fi9YRLj/TNC1lATHJcDoaLN8G9c=
9,-16,KYt1ca0DZWOxtP095dkqGw4TfRg=,Fi9YRLj/TNC1lATHJcDoaLN8G9c=
12,-9,KYt1ca0DZWOxtP095dkqGw4TfRg=,Fi9YRLj/TNC1lATHJcDoaLN8G9c=
0,-7,KYt1ca0DZWOxtP095dkqGw4TfRg=,fLJZTPzLk0Tc4DX3mGmuJQt3fd4=
1,-7,KYt1ca0DZWOxtP095dkqGw4TfRg=,fLJZTPzLk0Tc4DX3mGmuJQt3fd4=
2,-7,KYt1ca0DZWOxtP095dkqGw4TfRg=,fLJZTPzLk0Tc4DX3mGmuJQt3fd4=
3,-7,KYt1ca0DZWOxtP095dkqGw4TfRg=,fLJZTPzLk0Tc4DX3mGmuJQt3fd4=
4,-7,KYt1ca0DZWOxtP095dkqGw4TfRg=,fLJZTPzLk0Tc4DX3mGmuJQt3fd4=
5,-7,KYt1ca0DZWOxtP095dkqGw4TfRg=,fLJZTPzLk0Tc4DX3mGmuJQt3fd4=
6,-7,KYt1ca0DZWOxtP095dkqGw4TfRg=,fLJZTPzLk0Tc4DX3mGmuJQt3fd4=
4,-5,KYt1ca0DZWOxtP095dkqGw4TfRg=,fLJZTPzLk0Tc4DX3mGmuJQt3fd4=
5,-5,KYt1ca0DZWOxtP095dkqGw4TfRg=,fLJZTPzLk0Tc4DX3mGmuJQt3fd4=
6,-5,KYt1ca0DZWOxtP095dkqGw4TfRg=,fLJZTPzLk0Tc4DX3mGmuJQt3fd4=
7,-7,KYt1ca0DZWOxtP095dkqGw4TfRg=,fLJZTPzLk0Tc4DX3mGmuJQt3fd4=
7,-5,KYt1ca0DZWOxtP095dkqGw4TfRg=,fLJZTPzLk0Tc4DX3mGmuJQt3fd4=
10,-16,KYt1ca0DZWOxtP095dkqGw4TfRg=,Fi9YRLj/TNC1lATHJcDoaLN8G9c=
0,-4,KYt1ca0DZWOxtP095dkqGw4TfRg=,fLJZTPzLk0Tc4DX3mGmuJQt3fd4=
1,-4,KYt1ca0DZWOxtP095dkqGw4TfRg=,fLJZTPzLk0Tc4DX3mGmuJQt3fd4=
2,-4,KYt1ca0DZWOxtP095dkqGw4TfRg=,fLJZTPzLk0Tc4DX3mGmuJQt3fd4=
3,-4,KYt1ca0DZWOxtP095dkqGw4TfRg=,fLJZTPzLk0Tc4DX3mGmuJQt3fd4=
4,-4,KYt1ca0DZWOxtP095dkqGw4TfRg=,fLJZTPzLk0Tc4DX3mGmuJQt3fd4=
5,-4,KYt1ca0DZWOxtP095dkqGw4TfRg=,fLJZTPzLk0Tc4DX3mGmuJQt3fd4=
6,-4,KYt1ca0DZWOxtP095dkqGw4TfRg=,fLJZTPzLk0Tc4DX3mGmuJQt3fd4=
7,-4,KYt1ca0DZWOxtP095dkqGw4TfRg=,fLJZTPzLk0Tc4DX3mGmuJQt3fd4=
11,-16,KYt1ca0DZWOxtP095dkqGw4TfRg=,Fi9YRLj/TNC1lATHJcDoaLN8G9c=
0,-6,KYt1ca0DZWOxtP095dkqGw4TfRg=,fLJZTPzLk0Tc4DX3mGmuJQt3fd4=
1,-6,KYt1ca0DZWOxtP095dkqGw4TfRg=,fLJZTPzLk0Tc4DX3mGmuJQt3fd4=
2,-6,KYt1ca0DZWOxtP095dkqGw4TfRg=,fLJZTPzLk0Tc4DX3mGmuJQt3fd4=
0,-3,KYt1ca0DZWOxtP095dkqGw4TfRg=,fLJZTPzLk0Tc4DX3mGmuJQt3fd4=
12,-16,KYt1ca0DZWOxtP095dkqGw4TfRg=,Fi9YRLj/TNC1lATHJcDoaLN8G9c=
13,-16,KYt1ca0DZWOxtP095dkqGw4TfRg=,Fi9YRLj/TNC1lATHJcDoaLN8G9c=
14,-16,KYt1ca0DZWOxtP095dkqGw4TfRg=,Fi9YRLj/TNC1lATHJcDoaLN8G9c=
15,-16,KYt1ca0DZWOxtP095dkqGw4TfRg=,Fi9YRLj/TNC1lATHJcDoaLN8G9c=
3,-6,KYt1ca0DZWOxtP095dkqGw4TfRg=,fLJZTPzLk0Tc4DX3mGmuJQt3fd4=
1,-3,KYt1ca0DZWOxtP095dkqGw4TfRg=,fLJZTPzLk0Tc4DX3mGmuJQt3fd4=
2,-3,KYt1ca0DZWOxtP095dkqGw4TfRg=,fLJZTPzLk0Tc4DX3mGmuJQt3fd4=
3,-3,KYt1ca0DZWOxtP095dkqGw4TfRg=,fLJZTPzLk0Tc4DX3mGmuJQt3fd4=
4,-3,KYt1ca0DZWOxtP095dkqGw4TfRg=,fLJZTPzLk0Tc4DX3mGmuJQt3fd4=
5,-3,KYt1ca0DZWOxtP095dkqGw4TfRg=,fLJZTPzLk0Tc4DX3mGmuJQt3fd4=
6,-3,KYt1ca0DZWOxtP095dkqGw4TfRg=,fLJZTPzLk0Tc4DX3mGmuJQt3fd4=
7,-3,KYt1ca0DZWOxtP095dkqGw4TfRg=,fLJZTPzLk0Tc4DX3mGmuJQt3fd4=
9,-15,KYt1ca0DZWOxtP095dkqGw4TfRg=,Fi9YRLj/TNC1lATHJcDoaLN8G9c=
0,-2,KYt1ca0DZWOxtP095dkqGw4TfRg=,fLJZTPzLk0Tc4DX3mGmuJQt3fd4=
1,-2,KYt1ca0DZWOxtP095dkqGw4TfRg=,fLJZTPzLk0Tc4DX3mGmuJQt3fd4=
2,-2,KYt1ca0DZWOxtP095dkqGw4TfRg=,fLJZTPzLk0Tc4DX3mGmuJQt3fd4=
4,-6,KYt1ca0DZWOxtP095dkqGw4TfRg=,fLJZTPzLk0Tc4DX3mGmuJQt3fd4=
3,-2,KYt1ca0DZWOxtP095dkqGw4TfRg=,fLJZTPzLk0Tc4DX3mGmuJQt3fd4=
4,-2,KYt1ca0DZWOxtP095dkqGw4TfRg=,fLJZTPzLk0Tc4DX3mGmuJQt3fd4=
5,-2,KYt1ca0DZWOxtP095dkqGw4TfRg=,fLJZTPzLk0Tc4DX3mGmuJQt3fd4=
6,-2,KYt1ca0DZWOxtP095dkqGw4TfRg=,fLJZTPzLk0Tc4DX3mGmuJQt3fd4=
7,-2,KYt1ca0DZWOxtP095dkqGw4TfRg=,fLJZTPzLk0Tc4DX3mGmuJQt3fd4=
0,-1,KYt1ca0DZWOxtP095dkqGw4TfRg=,fLJZTPzLk0Tc4DX3mGmuJQt3fd4=
5,-6,KYt1ca0DZWOxtP095dkqGw4TfRg=,fLJZTPzLk0Tc4DX3mGmuJQt3fd4=
1,-1,KYt1ca0DZWOxtP095dkqGw4TfRg=,fLJZTPzLk0Tc4DX3mGmuJQt3fd4=
2,-1,KYt1ca0DZWOxtP095dkqGw4TfRg=,fLJZTPzLk0Tc4DX3mGmuJQt3fd4=
3,-1,KYt1ca0DZWOxtP095dkqGw4TfRg=,fLJZTPzLk0Tc4DX3mGmuJQt3fd4=
4,-1,KYt1ca0DZWOxtP095dkqGw4TfRg=,fLJZTPzLk0Tc4DX3mGmuJQt3fd4=
5,-1,KYt1ca0DZWOxtP095dkqGw4TfRg=,fLJZTPzLk0Tc4DX3mGmuJQt3fd4=
6,-1,KYt1ca0DZWOxtP095dkqGw4TfRg=,fLJZTPzLk0Tc4DX3mGmuJQt3fd4=
6,-6,KYt1ca0DZWOxtP095dkqGw4TfRg=,fLJZTPzLk0Tc4DX3mGmuJQt3fd4=
7,-1,KYt1ca0DZWOxtP095dkqGw4TfRg=,fLJZTPzLk0Tc4DX3mGmuJQt3fd4=
7,-6,KYt1ca0DZWOxtP095dkqGw4TfRg=,fLJZTPzLk0Tc4DX3mGmuJQt3fd4=
0,-5,KYt1ca0DZWOxtP095dkqGw4TfRg=,fLJZTPzLk0Tc4DX3mGmuJQt3fd4=
3,-5,KYt1ca0DZWOxtP095dkqGw4TfRg=,fLJZTPzLk0Tc4DX3mGmuJQt3fd4=
1,-5,KYt1ca0DZWOxtP095dkqGw4TfRg=,fLJZTPzLk0Tc4DX3mGmuJQt3fd4=
2,-5,KYt1ca0DZWOxtP095dkqGw4TfRg=,fLJZTPzLk0Tc4DX3mGmuJQt3fd4=
11,-15,KYt1ca0DZWOxtP095dkqGw4TfRg=,Fi9YRLj/TNC1lATHJcDoaLN8G9c=
12,-15,KYt1ca0DZWOxtP095dkqGw4TfRg=,Fi9YRLj/TNC1lATHJcDoaLN8G9c=
13,-15,KYt1ca0DZWOxtP095dkqGw4TfRg=,Fi9YRLj/TNC1lATHJcDoaLN8G9c=
14,-15,KYt1ca0DZWOxtP095dkqGw4TfRg=,Fi9YRLj/TNC1lATHJcDoaLN8G9c=
15,-15,KYt1ca0DZWOxtP095dkqGw4TfRg=,Fi9YRLj/TNC1lATHJcDoaLN8G9c=
10,-15,KYt1ca0DZWOxtP095dkqGw4TfRg=,Fi9YRLj/TNC1lATHJcDoaLN8G9c=
9,-14,KYt1ca0DZWOxtP095dkqGw4TfRg=,Fi9YRLj/TNC1lATHJcDoaLN8G9c=
10,-14,KYt1ca0DZWOxtP095dkqGw4TfRg=,Fi9YRLj/TNC1lATHJcDoaLN8G9c=
11,-14,KYt1ca0DZWOxtP095dkqGw4TfRg=,Fi9YRLj/TNC1lATHJcDoaLN8G9c=
12,-14,KYt1ca0DZWOxtP095dkqGw4TfRg=,Fi9YRLj/TNC1lATHJcDoaLN8G9c=
13,-14,KYt1ca0DZWOxtP095dkqGw4TfRg=,Fi9YRLj/TNC1lATHJcDoaLN8G9c=
14,-14,KYt1ca0DZWOxtP095dkqGw4TfRg=,Fi9YRLj/TNC1lATHJcDoaLN8G9c=
15,-14,KYt1ca0DZWOxtP095dkqGw4TfRg=,Fi9YRLj/TNC1lATHJcDoaLN8G9c=
9,-13,KYt1ca0DZWOxtP095dkqGw4TfRg=,Fi9YRLj/TNC1lATHJcDoaLN8G9c=
10,-13,KYt1ca0DZWOxtP095dkqGw4TfRg=,Fi9YRLj/TNC1lATHJcDoaLN8G9c=
11,-13,KYt1ca0DZWOxtP095dkqGw4TfRg=,Fi9YRLj/TNC1lATHJcDoaLN8G9c=
12,-13,KYt1ca0DZWOxtP095dkqGw4TfRg=,Fi9YRLj/TNC1lATHJcDoaLN8G9c=
13,-13,KYt1ca0DZWOxtP095dkqGw4TfRg=,Fi9YRLj/TNC1lATHJcDoaLN8G9c=
14,-13,KYt1ca0DZWOxtP095dkqGw4TfRg=,Fi9YRLj/TNC1lATHJcDoaLN8G9c=
15,-13,KYt1ca0DZWOxtP095dkqGw4TfRg=,Fi9YRLj/TNC1lATHJcDoaLN8G9c=
9,-12,KYt1ca0DZWOxtP095dkqGw4TfRg=,Fi9YRLj/TNC1lATHJcDoaLN8G9c=
10,-12,KYt1ca0DZWOxtP095dkqGw4TfRg=,Fi9YRLj/TNC1lATHJcDoaLN8G9c=
11,-12,KYt1ca0DZWOxtP095dkqGw4TfRg=,Fi9YRLj/TNC1lATHJcDoaLN8G9c=
12,-12,KYt1ca0DZWOxtP095dkqGw4TfRg=,Fi9YRLj/TNC1lATHJcDoaLN8G9c=
13,-12,KYt1ca0DZWOxtP095dkqGw4TfRg=,Fi9YRLj/TNC1lATHJcDoaLN8G9c=
14,-12,KYt1ca0DZWOxtP095dkqGw4TfRg=,Fi9YRLj/TNC1lATHJcDoaLN8G9c=
15,-12,KYt1ca0DZWOxtP095dkqGw4TfRg=,Fi9YRLj/TNC1lATHJcDoaLN8G9c=
9,-11,KYt1ca0DZWOxtP095dkqGw4TfRg=,Fi9YRLj/TNC1lATHJcDoaLN8G9c=
10,-11,KYt1ca0DZWOxtP095dkqGw4TfRg=,Fi9YRLj/TNC1lATHJcDoaLN8G9c=
11,-11,KYt1ca0DZWOxtP095dkqGw4TfRg=,Fi9YRLj/TNC1lATHJcDoaLN8G9c=
12,-11,KYt1ca0DZWOxtP095dkqGw4TfRg=,Fi9YRLj/TNC1lATHJcDoaLN8G9c=
13,-11,KYt1ca0DZWOxtP095dkqGw4TfRg=,Fi9YRLj/TNC1lATHJcDoaLN8G9c=
14,-11,KYt1ca0DZWOxtP095dkqGw4TfRg=,Fi9YRLj/TNC1lATHJcDoaLN8G9c=
15,-11,KYt1ca0DZWOxtP095dkqGw4TfRg=,Fi9YRLj/TNC1lATHJcDoaLN8G9c=
9,-10,KYt1ca0DZWOxtP095dkqGw4TfRg=,Fi9YRLj/TNC1lATHJcDoaLN8G9c=
10,-10,KYt1ca0DZWOxtP095dkqGw4TfRg=,Fi9YRLj/TNC1lATHJcDoaLN8G9c=
11,-10,KYt1ca0DZWOxtP095dkqGw4TfRg=,Fi9YRLj/TNC1lATHJcDoaLN8G9c=
12,-10,KYt1ca0DZWOxtP095dkqGw4TfRg=,Fi9YRLj/TNC1lATHJcDoaLN8G9c=
13,-10,KYt1ca0DZWOxtP095dkqGw4TfRg=,Fi9YRLj/TNC1lATHJcDoaLN8G9c=
14,-10,KYt1ca0DZWOxtP095dkqGw4TfRg=,Fi9YRLj/TNC1lATHJcDoaLN8G9c=
15,-10,KYt1ca0DZWOxtP095dkqGw4TfRg=,Fi9YRLj/TNC1lATHJcDoaLN8G9c=
9,-9,KYt1ca0DZWOxtP095dkqGw4TfRg=,Fi9YRLj/TNC1lATHJcDoaLN8G9c=
10,-9,KYt1ca0DZWOxtP095dkqGw4TfRg=,Fi9YRLj/TNC1lATHJcDoaLN8G9c=
11,-9,KYt1ca0DZWOxtP095dkqGw4TfRg=,Fi9YRLj/TNC1lATHJcDoaLN8G9c=
8,-9,KYt1ca0DZWOxtP095dkqGw4TfRg=,Fi9YRLj/TNC1lATHJcDoaLN8G9c=
8,-10,KYt1ca0DZWOxtP095dkqGw4TfRg=,Fi9YRLj/TNC1lATHJcDoaLN8G9c=
8,-11,KYt1ca0DZWOxtP095dkqGw4TfRg=,Fi9YRLj/TNC1lATHJcDoaLN8G9c=
8,-12,KYt1ca0DZWOxtP095dkqGw4TfRg=,Fi9YRLj/TNC1lATHJcDoaLN8G9c=
8,-13,KYt1ca0DZWOxtP095dkqGw4TfRg=,Fi9YRLj/TNC1lATHJcDoaLN8G9c=
8,-14,KYt1ca0DZWOxtP095dkqGw4TfRg=,Fi9YRLj/TNC1lATHJcDoaLN8G9c=
8,-15,KYt1ca0DZWOxtP095dkqGw4TfRg=,Fi9YRLj/TNC1lATHJcDoaLN8G9c=
5,-12,KYt1ca0DZWOxtP095dkqGw4TfRg=,MJSyh8PyceiOw0MbeEMKqL5sCDU=
3,-11,KYt1ca0DZWOxtP095dkqGw4TfRg=,MJSyh8PyceiOw0MbeEMKqL5sCDU=
5,-13,KYt1ca0DZWOxtP095dkqGw4TfRg=,MJSyh8PyceiOw0MbeEMKqL5sCDU=
7,-15,KYt1ca0DZWOxtP095dkqGw4TfRg=,MJSyh8PyceiOw0MbeEMKqL5sCDU=
7,-14,KYt1ca0DZWOxtP095dkqGw4TfRg=,MJSyh8PyceiOw0MbeEMKqL5sCDU=
6,-14,KYt1ca0DZWOxtP095dkqGw4TfRg=,MJSyh8PyceiOw0MbeEMKqL5sCDU=
2,-11,KYt1ca0DZWOxtP095dkqGw4TfRg=,MJSyh8PyceiOw0MbeEMKqL5sCDU=
1,-11,KYt1ca0DZWOxtP095dkqGw4TfRg=,MJSyh8PyceiOw0MbeEMKqL5sCDU=
5,-14,KYt1ca0DZWOxtP095dkqGw4TfRg=,MJSyh8PyceiOw0MbeEMKqL5sCDU=
7,-12,KYt1ca0DZWOxtP095dkqGw4TfRg=,MJSyh8PyceiOw0MbeEMKqL5sCDU=
6,-12,KYt1ca0DZWOxtP095dkqGw4TfRg=,MJSyh8PyceiOw0MbeEMKqL5sCDU=
4,-14,KYt1ca0DZWOxtP095dkqGw4TfRg=,MJSyh8PyceiOw0MbeEMKqL5sCDU=
0,-11,KYt1ca0DZWOxtP095dkqGw4TfRg=,MJSyh8PyceiOw0MbeEMKqL5sCDU=
3,-16,KYt1ca0DZWOxtP095dkqGw4TfRg=,MJSyh8PyceiOw0MbeEMKqL5sCDU=
4,-13,KYt1ca0DZWOxtP095dkqGw4TfRg=,MJSyh8PyceiOw0MbeEMKqL5sCDU=
1,-15,KYt1ca0DZWOxtP095dkqGw4TfRg=,MJSyh8PyceiOw0MbeEMKqL5sCDU=
7,-16,KYt1ca0DZWOxtP095dkqGw4TfRg=,MJSyh8PyceiOw0MbeEMKqL5sCDU=
3,-13,KYt1ca0DZWOxtP095dkqGw4TfRg=,MJSyh8PyceiOw0MbeEMKqL5sCDU=
6,-16,KYt1ca0DZWOxtP095dkqGw4TfRg=,MJSyh8PyceiOw0MbeEMKqL5sCDU=
2,-16,KYt1ca0DZWOxtP095dkqGw4TfRg=,MJSyh8PyceiOw0MbeEMKqL5sCDU=
0,-15,KYt1ca0DZWOxtP095dkqGw4TfRg=,MJSyh8PyceiOw0MbeEMKqL5sCDU=
3,-14,KYt1ca0DZWOxtP095dkqGw4TfRg=,MJSyh8PyceiOw0MbeEMKqL5sCDU=
2,-14,KYt1ca0DZWOxtP095dkqGw4TfRg=,MJSyh8PyceiOw0MbeEMKqL5sCDU=
1,-14,KYt1ca0DZWOxtP095dkqGw4TfRg=,MJSyh8PyceiOw0MbeEMKqL5sCDU=
5,-16,KYt1ca0DZWOxtP095dkqGw4TfRg=,MJSyh8PyceiOw0MbeEMKqL5sCDU=
0,-14,KYt1ca0DZWOxtP095dkqGw4TfRg=,MJSyh8PyceiOw0MbeEMKqL5sCDU=
2,-13,KYt1ca0DZWOxtP095dkqGw4TfRg=,MJSyh8PyceiOw0MbeEMKqL5sCDU=
4,-16,KYt1ca0DZWOxtP095dkqGw4TfRg=,MJSyh8PyceiOw0MbeEMKqL5sCDU=
1,-13,KYt1ca0DZWOxtP095dkqGw4TfRg=,MJSyh8PyceiOw0MbeEMKqL5sCDU=
0,-13,KYt1ca0DZWOxtP095dkqGw4TfRg=,MJSyh8PyceiOw0MbeEMKqL5sCDU=
7,-8,KYt1ca0DZWOxtP095dkqGw4TfRg=,fLJZTPzLk0Tc4DX3mGmuJQt3fd4=
6,-8,KYt1ca0DZWOxtP095dkqGw4TfRg=,fLJZTPzLk0Tc4DX3mGmuJQt3fd4=
5,-8,KYt1ca0DZWOxtP095dkqGw4TfRg=,fLJZTPzLk0Tc4DX3mGmuJQt3fd4=
1,-16,KYt1ca0DZWOxtP095dkqGw4TfRg=,MJSyh8PyceiOw0MbeEMKqL5sCDU=
4,-8,KYt1ca0DZWOxtP095dkqGw4TfRg=,fLJZTPzLk0Tc4DX3mGmuJQt3fd4=
2,-8,KYt1ca0DZWOxtP095dkqGw4TfRg=,fLJZTPzLk0Tc4DX3mGmuJQt3fd4=
6,-15,KYt1ca0DZWOxtP095dkqGw4TfRg=,MJSyh8PyceiOw0MbeEMKqL5sCDU=
3,-8,KYt1ca0DZWOxtP095dkqGw4TfRg=,fLJZTPzLk0Tc4DX3mGmuJQt3fd4=
1,-8,KYt1ca0DZWOxtP095dkqGw4TfRg=,fLJZTPzLk0Tc4DX3mGmuJQt3fd4=
7,-9,KYt1ca0DZWOxtP095dkqGw4TfRg=,MJSyh8PyceiOw0MbeEMKqL5sCDU=
6,-9,KYt1ca0DZWOxtP095dkqGw4TfRg=,MJSyh8PyceiOw0MbeEMKqL5sCDU=
5,-9,KYt1ca0DZWOxtP095dkqGw4TfRg=,MJSyh8PyceiOw0MbeEMKqL5sCDU=
4,-9,KYt1ca0DZWOxtP095dkqGw4TfRg=,MJSyh8PyceiOw0MbeEMKqL5sCDU=
3,-9,KYt1ca0DZWOxtP095dkqGw4TfRg=,MJSyh8PyceiOw0MbeEMKqL5sCDU=
2,-9,KYt1ca0DZWOxtP095dkqGw4TfRg=,MJSyh8PyceiOw0MbeEMKqL5sCDU=
5,-15,KYt1ca0DZWOxtP095dkqGw4TfRg=,MJSyh8PyceiOw0MbeEMKqL5sCDU=
1,-9,KYt1ca0DZWOxtP095dkqGw4TfRg=,MJSyh8PyceiOw0MbeEMKqL5sCDU=
0,-8,KYt1ca0DZWOxtP095dkqGw4TfRg=,fLJZTPzLk0Tc4DX3mGmuJQt3fd4=
7,-10,KYt1ca0DZWOxtP095dkqGw4TfRg=,MJSyh8PyceiOw0MbeEMKqL5sCDU=
6,-10,KYt1ca0DZWOxtP095dkqGw4TfRg=,MJSyh8PyceiOw0MbeEMKqL5sCDU=
5,-10,KYt1ca0DZWOxtP095dkqGw4TfRg=,MJSyh8PyceiOw0MbeEMKqL5sCDU=
4,-10,KYt1ca0DZWOxtP095dkqGw4TfRg=,MJSyh8PyceiOw0MbeEMKqL5sCDU=
3,-10,KYt1ca0DZWOxtP095dkqGw4TfRg=,MJSyh8PyceiOw0MbeEMKqL5sCDU=
0,-9,KYt1ca0DZWOxtP095dkqGw4TfRg=,MJSyh8PyceiOw0MbeEMKqL5sCDU=
4,-15,KYt1ca0DZWOxtP095dkqGw4TfRg=,MJSyh8PyceiOw0MbeEMKqL5sCDU=
2,-10,KYt1ca0DZWOxtP095dkqGw4TfRg=,MJSyh8PyceiOw0MbeEMKqL5sCDU=
1,-10,KYt1ca0DZWOxtP095dkqGw4TfRg=,MJSyh8PyceiOw0MbeEMKqL5sCDU=
7,-11,KYt1ca0DZWOxtP095dkqGw4TfRg=,MJSyh8PyceiOw0MbeEMKqL5sCDU=
6,-11,KYt1ca0DZWOxtP095dkqGw4TfRg=,MJSyh8PyceiOw0MbeEMKqL5sCDU=
5,-11,KYt1ca0DZWOxtP095dkqGw4TfRg=,MJSyh8PyceiOw0MbeEMKqL5sCDU=
3,-15,KYt1ca0DZWOxtP095dkqGw4TfRg=,MJSyh8PyceiOw0MbeEMKqL5sCDU=
4,-11,KYt1ca0DZWOxtP095dkqGw4TfRg=,MJSyh8PyceiOw0MbeEMKqL5sCDU=
0,-10,KYt1ca0DZWOxtP095dkqGw4TfRg=,MJSyh8PyceiOw0MbeEMKqL5sCDU=
2,-15,KYt1ca0DZWOxtP095dkqGw4TfRg=,MJSyh8PyceiOw0MbeEMKqL5sCDU=
4,-12,KYt1ca0DZWOxtP095dkqGw4TfRg=,MJSyh8PyceiOw0MbeEMKqL5sCDU=
3,-12,KYt1ca0DZWOxtP095dkqGw4TfRg=,MJSyh8PyceiOw0MbeEMKqL5sCDU=
2,-12,KYt1ca0DZWOxtP095dkqGw4TfRg=,MJSyh8PyceiOw0MbeEMKqL5sCDU=
1,-12,KYt1ca0DZWOxtP095dkqGw4TfRg=,MJSyh8PyceiOw0MbeEMKqL5sCDU=
7,-13,KYt1ca0DZWOxtP095dkqGw4TfRg=,MJSyh8PyceiOw0MbeEMKqL5sCDU=
0,-12,KYt1ca0DZWOxtP095dkqGw4TfRg=,MJSyh8PyceiOw0MbeEMKqL5sCDU=
6,-13,KYt1ca0DZWOxtP095dkqGw4TfRg=,MJSyh8PyceiOw0MbeEMKqL5sCDU=
8,-16,KYt1ca0DZWOxtP095dkqGw4TfRg=,Fi9YRLj/TNC1lATHJcDoaLN8G9c=
0,-16,KYt1ca0DZWOxtP095dkqGw4TfRg=,MJSyh8PyceiOw0MbeEMKqL5sCDU=
